model,avg_response_length,avg_accuracy
gpt-4o-mini,1119.6925,53.125
deepseek-r1,6217.4262499999995,98.0
qwen-2.5-72B,1587.47875,80.5
qwq,12795.77625,95.0
llama-3.1-8B,3236.81875,28.375
gpt-4o,1205.62625,93.125
gemma-2-27B,410.5625,45.625
o3-mini,767.6675,99.125
llama-3.3-70B,1754.3374999999999,81.25
