task,difficulty,full_task,avg_response_length,avg_accuracy
cluster,easy,easy_cluster,3900.821111111111,86.22222222222223
group,easy,easy_group,2693.3255555555556,70.11111111111111
count,hard,hard_count,4447.2844444444445,59.888888888888886
reasoning,easy,easy_reasoning,1547.0122222222226,87.33333333333333
group,hard,hard_group,3085.455555555555,65.66666666666667
count,easy,easy_count,4033.8588888888894,62.44444444444444
reasoning,hard,hard_reasoning,1761.5900000000001,86.44444444444444
cluster,hard,hard_cluster,4393.217777777777,81.11111111111111
