{
  "llama-3.1-8B": {
    "accuracy": 37.0,
    "correct": 37,
    "total": 100,
    "stats": {
      "Reject": {
        "total": 76,
        "recall": 18.421052631578945,
        "precision": 93.33333333333333
      },
      "Accept": {
        "total": 24,
        "recall": 95.83333333333334,
        "precision": 27.058823529411764
      }
    }
  },
  "gemma-2-27B": {
    "accuracy": 73.0,
    "correct": 73,
    "total": 100,
    "stats": {
      "Reject": {
        "total": 76,
        "recall": 93.42105263157895,
        "precision": 76.34408602150538
      },
      "Accept": {
        "total": 24,
        "recall": 8.333333333333332,
        "precision": 28.57142857142857
      }
    }
  },
  "llama-3.3-70B": {
    "accuracy": 26.0,
    "correct": 26,
    "total": 100,
    "stats": {
      "Reject": {
        "total": 76,
        "recall": 2.631578947368421,
        "precision": 100.0
      },
      "Accept": {
        "total": 24,
        "recall": 100.0,
        "precision": 24.489795918367346
      }
    }
  },
  "qwen-2.5-72B": {
    "accuracy": 23.0,
    "correct": 23,
    "total": 100,
    "stats": {
      "Reject": {
        "total": 76,
        "recall": 0.0,
        "precision": 0.0
      },
      "Accept": {
        "total": 24,
        "recall": 95.83333333333334,
        "precision": 23.232323232323232
      }
    }
  },
  "qwq": {
    "accuracy": 50.0,
    "correct": 50,
    "total": 100,
    "stats": {
      "Reject": {
        "total": 76,
        "recall": 36.84210526315789,
        "precision": 93.33333333333333
      },
      "Accept": {
        "total": 24,
        "recall": 91.66666666666666,
        "precision": 31.428571428571427
      }
    }
  },
  "deepseek-r1": {
    "accuracy": 50.0,
    "correct": 50,
    "total": 100,
    "stats": {
      "Reject": {
        "total": 76,
        "recall": 38.15789473684211,
        "precision": 90.625
      },
      "Accept": {
        "total": 24,
        "recall": 87.5,
        "precision": 30.88235294117647
      }
    }
  },
  "gpt-4o-mini": {
    "accuracy": 39.0,
    "correct": 39,
    "total": 100,
    "stats": {
      "Reject": {
        "total": 76,
        "recall": 25.0,
        "precision": 82.6086956521739
      },
      "Accept": {
        "total": 24,
        "recall": 83.33333333333334,
        "precision": 25.97402597402597
      }
    }
  },
  "gpt-4o": {
    "accuracy": 55.00000000000001,
    "correct": 55,
    "total": 100,
    "stats": {
      "Reject": {
        "total": 76,
        "recall": 43.42105263157895,
        "precision": 94.28571428571428
      },
      "Accept": {
        "total": 24,
        "recall": 91.66666666666666,
        "precision": 33.84615384615385
      }
    }
  },
  "o3-mini": {
    "accuracy": 40.0,
    "correct": 40,
    "total": 100,
    "stats": {
      "Reject": {
        "total": 76,
        "recall": 21.052631578947366,
        "precision": 100.0
      },
      "Accept": {
        "total": 24,
        "recall": 100.0,
        "precision": 28.57142857142857
      }
    }
  }
}