{
  "gemma-2-9B": {
    "accuracy": 82.0,
    "correct": 82,
    "total": 100,
    "stats": {
      "Reject": {
        "total": 76,
        "recall": 93.42105263157895,
        "precision": 84.52380952380952
      },
      "Accept": {
        "total": 24,
        "recall": 45.83333333333333,
        "precision": 68.75
      }
    }
  },
  "gemma-2-27B": {
    "accuracy": 73.0,
    "correct": 73,
    "total": 100,
    "stats": {
      "Reject": {
        "total": 76,
        "recall": 77.63157894736842,
        "precision": 85.5072463768116
      },
      "Accept": {
        "total": 24,
        "recall": 58.333333333333336,
        "precision": 45.16129032258064
      }
    }
  },
  "qwen-2.5-72B": {
    "accuracy": 66.0,
    "correct": 66,
    "total": 100,
    "stats": {
      "Reject": {
        "total": 76,
        "recall": 56.57894736842105,
        "precision": 97.72727272727273
      },
      "Accept": {
        "total": 24,
        "recall": 95.83333333333334,
        "precision": 41.07142857142857
      }
    }
  },
  "llama-3.3-70B": {
    "accuracy": 65.0,
    "correct": 65,
    "total": 100,
    "stats": {
      "Reject": {
        "total": 76,
        "recall": 56.57894736842105,
        "precision": 95.55555555555556
      },
      "Accept": {
        "total": 24,
        "recall": 91.66666666666666,
        "precision": 40.0
      }
    }
  },
  "qwq": {
    "accuracy": 77.0,
    "correct": 77,
    "total": 100,
    "stats": {
      "Reject": {
        "total": 76,
        "recall": 71.05263157894737,
        "precision": 98.18181818181819
      },
      "Accept": {
        "total": 24,
        "recall": 95.83333333333334,
        "precision": 51.11111111111111
      }
    }
  }
}