{
  "llama-3.1-8B": {
    "accuracy": 80.0,
    "correct": 80,
    "total": 100,
    "stats": {
      "Reject": {
        "total": 76,
        "recall": 81.57894736842105,
        "precision": 91.17647058823529
      },
      "Accept": {
        "total": 24,
        "recall": 75.0,
        "precision": 56.25
      }
    }
  },
  "gemma-2-9b": {
    "accuracy": 76.0,
    "correct": 76,
    "total": 100,
    "stats": {
      "Reject": {
        "total": 76,
        "recall": 100.0,
        "precision": 76.0
      },
      "Accept": {
        "total": 24,
        "recall": 0.0,
        "precision": 0
      }
    }
  },
  "gemma-2-27B": {
    "accuracy": 75.0,
    "correct": 75,
    "total": 100,
    "stats": {
      "Reject": {
        "total": 76,
        "recall": 92.10526315789474,
        "precision": 78.65168539325843
      },
      "Accept": {
        "total": 24,
        "recall": 20.833333333333336,
        "precision": 45.45454545454545
      }
    }
  },
  "llama-3.3-70B": {
    "accuracy": 87.0,
    "correct": 87,
    "total": 100,
    "stats": {
      "Reject": {
        "total": 76,
        "recall": 90.78947368421053,
        "precision": 92.0
      },
      "Accept": {
        "total": 24,
        "recall": 75.0,
        "precision": 72.0
      }
    }
  },
  "qwen-2.5-72B": {
    "accuracy": 82.0,
    "correct": 82,
    "total": 100,
    "stats": {
      "Reject": {
        "total": 76,
        "recall": 86.8421052631579,
        "precision": 89.1891891891892
      },
      "Accept": {
        "total": 24,
        "recall": 66.66666666666666,
        "precision": 61.53846153846154
      }
    }
  },
  "qwq": {
    "accuracy": 84.0,
    "correct": 84,
    "total": 100,
    "stats": {
      "Reject": {
        "total": 76,
        "recall": 92.10526315789474,
        "precision": 87.5
      },
      "Accept": {
        "total": 24,
        "recall": 58.333333333333336,
        "precision": 70.0
      }
    }
  },
  "deepseek-r1": {
    "accuracy": 88.0,
    "correct": 88,
    "total": 100,
    "stats": {
      "Reject": {
        "total": 76,
        "recall": 94.73684210526315,
        "precision": 90.0
      },
      "Accept": {
        "total": 24,
        "recall": 66.66666666666666,
        "precision": 80.0
      }
    }
  },
  "gpt-4o-mini": {
    "accuracy": 85.0,
    "correct": 85,
    "total": 100,
    "stats": {
      "Reject": {
        "total": 76,
        "recall": 100.0,
        "precision": 83.51648351648352
      },
      "Accept": {
        "total": 24,
        "recall": 37.5,
        "precision": 100.0
      }
    }
  },
  "gpt-4o": {
    "accuracy": 86.0,
    "correct": 86,
    "total": 100,
    "stats": {
      "Reject": {
        "total": 76,
        "recall": 100.0,
        "precision": 84.44444444444444
      },
      "Accept": {
        "total": 24,
        "recall": 41.66666666666667,
        "precision": 100.0
      }
    }
  },
  "o3-mini": {
    "accuracy": 86.0,
    "correct": 86,
    "total": 100,
    "stats": {
      "Reject": {
        "total": 76,
        "recall": 92.10526315789474,
        "precision": 89.74358974358975
      },
      "Accept": {
        "total": 24,
        "recall": 66.66666666666666,
        "precision": 72.72727272727273
      }
    }
  }
}