{
  "llama-3.1-8B": {
    "accuracy": 56.99999999999999,
    "correct": 57,
    "total": 100,
    "rating_distributions": {
      "1": {
        "total": 17,
        "distribution": {
          "1": 0.0,
          "2": 100.0,
          "3": 0.0,
          "4": 0.0,
          "5": 0.0
        }
      },
      "2": {
        "total": 22,
        "distribution": {
          "1": 0.0,
          "2": 95.45454545454545,
          "3": 4.545454545454546,
          "4": 0.0,
          "5": 0.0
        }
      },
      "3": {
        "total": 21,
        "distribution": {
          "1": 0.0,
          "2": 0.0,
          "3": 100.0,
          "4": 0.0,
          "5": 0.0
        }
      },
      "4": {
        "total": 19,
        "distribution": {
          "1": 0.0,
          "2": 0.0,
          "3": 21.052631578947366,
          "4": 68.42105263157895,
          "5": 10.526315789473683
        }
      },
      "5": {
        "total": 15,
        "distribution": {
          "1": 0.0,
          "2": 0.0,
          "3": 26.666666666666668,
          "4": 60.0,
          "5": 13.333333333333334
        }
      }
    }
  },
  "gemma-2-27B": {
    "accuracy": 59.0,
    "correct": 59,
    "total": 100,
    "rating_distributions": {
      "1": {
        "total": 18,
        "distribution": {
          "1": 0.0,
          "2": 100.0,
          "3": 0.0,
          "4": 0.0,
          "5": 0.0
        }
      },
      "2": {
        "total": 23,
        "distribution": {
          "1": 0.0,
          "2": 100.0,
          "3": 0.0,
          "4": 0.0,
          "5": 0.0
        }
      },
      "3": {
        "total": 21,
        "distribution": {
          "1": 0.0,
          "2": 0.0,
          "3": 100.0,
          "4": 0.0,
          "5": 0.0
        }
      },
      "4": {
        "total": 22,
        "distribution": {
          "1": 0.0,
          "2": 0.0,
          "3": 31.818181818181817,
          "4": 68.18181818181817,
          "5": 0.0
        }
      },
      "5": {
        "total": 16,
        "distribution": {
          "1": 0.0,
          "2": 0.0,
          "3": 12.5,
          "4": 87.5,
          "5": 0.0
        }
      }
    }
  },
  "llama-3.3-70B": {
    "accuracy": 78.0,
    "correct": 78,
    "total": 100,
    "rating_distributions": {
      "1": {
        "total": 18,
        "distribution": {
          "1": 77.77777777777779,
          "2": 22.22222222222222,
          "3": 0.0,
          "4": 0.0,
          "5": 0.0
        }
      },
      "2": {
        "total": 23,
        "distribution": {
          "1": 4.3478260869565215,
          "2": 95.65217391304348,
          "3": 0.0,
          "4": 0.0,
          "5": 0.0
        }
      },
      "3": {
        "total": 21,
        "distribution": {
          "1": 0.0,
          "2": 4.761904761904762,
          "3": 95.23809523809523,
          "4": 0.0,
          "5": 0.0
        }
      },
      "4": {
        "total": 22,
        "distribution": {
          "1": 0.0,
          "2": 0.0,
          "3": 0.0,
          "4": 100.0,
          "5": 0.0
        }
      },
      "5": {
        "total": 16,
        "distribution": {
          "1": 0.0,
          "2": 0.0,
          "3": 6.25,
          "4": 93.75,
          "5": 0.0
        }
      }
    }
  },
  "qwen-2.5-72B": {
    "accuracy": 72.0,
    "correct": 72,
    "total": 100,
    "rating_distributions": {
      "1": {
        "total": 18,
        "distribution": {
          "1": 66.66666666666666,
          "2": 33.33333333333333,
          "3": 0.0,
          "4": 0.0,
          "5": 0.0
        }
      },
      "2": {
        "total": 23,
        "distribution": {
          "1": 0.0,
          "2": 100.0,
          "3": 0.0,
          "4": 0.0,
          "5": 0.0
        }
      },
      "3": {
        "total": 21,
        "distribution": {
          "1": 0.0,
          "2": 23.809523809523807,
          "3": 76.19047619047619,
          "4": 0.0,
          "5": 0.0
        }
      },
      "4": {
        "total": 22,
        "distribution": {
          "1": 0.0,
          "2": 0.0,
          "3": 4.545454545454546,
          "4": 95.45454545454545,
          "5": 0.0
        }
      },
      "5": {
        "total": 16,
        "distribution": {
          "1": 0.0,
          "2": 0.0,
          "3": 0.0,
          "4": 100.0,
          "5": 0.0
        }
      }
    }
  },
  "qwq": {
    "accuracy": 74.0,
    "correct": 74,
    "total": 100,
    "rating_distributions": {
      "1": {
        "total": 18,
        "distribution": {
          "1": 55.55555555555556,
          "2": 44.44444444444444,
          "3": 0.0,
          "4": 0.0,
          "5": 0.0
        }
      },
      "2": {
        "total": 23,
        "distribution": {
          "1": 0.0,
          "2": 100.0,
          "3": 0.0,
          "4": 0.0,
          "5": 0.0
        }
      },
      "3": {
        "total": 21,
        "distribution": {
          "1": 0.0,
          "2": 4.761904761904762,
          "3": 95.23809523809523,
          "4": 0.0,
          "5": 0.0
        }
      },
      "4": {
        "total": 22,
        "distribution": {
          "1": 0.0,
          "2": 0.0,
          "3": 4.545454545454546,
          "4": 95.45454545454545,
          "5": 0.0
        }
      },
      "5": {
        "total": 16,
        "distribution": {
          "1": 0.0,
          "2": 0.0,
          "3": 12.5,
          "4": 87.5,
          "5": 0.0
        }
      }
    }
  },
  "deepseek-r1": {
    "accuracy": 81.0,
    "correct": 81,
    "total": 100,
    "rating_distributions": {
      "1": {
        "total": 18,
        "distribution": {
          "1": 83.33333333333334,
          "2": 16.666666666666664,
          "3": 0.0,
          "4": 0.0,
          "5": 0.0
        }
      },
      "2": {
        "total": 23,
        "distribution": {
          "1": 0.0,
          "2": 100.0,
          "3": 0.0,
          "4": 0.0,
          "5": 0.0
        }
      },
      "3": {
        "total": 21,
        "distribution": {
          "1": 0.0,
          "2": 0.0,
          "3": 100.0,
          "4": 0.0,
          "5": 0.0
        }
      },
      "4": {
        "total": 22,
        "distribution": {
          "1": 0.0,
          "2": 0.0,
          "3": 0.0,
          "4": 100.0,
          "5": 0.0
        }
      },
      "5": {
        "total": 16,
        "distribution": {
          "1": 0.0,
          "2": 0.0,
          "3": 0.0,
          "4": 100.0,
          "5": 0.0
        }
      }
    }
  },
  "gpt-4o-mini": {
    "accuracy": 76.0,
    "correct": 76,
    "total": 100,
    "rating_distributions": {
      "1": {
        "total": 18,
        "distribution": {
          "1": 72.22222222222221,
          "2": 27.77777777777778,
          "3": 0.0,
          "4": 0.0,
          "5": 0.0
        }
      },
      "2": {
        "total": 23,
        "distribution": {
          "1": 0.0,
          "2": 100.0,
          "3": 0.0,
          "4": 0.0,
          "5": 0.0
        }
      },
      "3": {
        "total": 21,
        "distribution": {
          "1": 0.0,
          "2": 4.761904761904762,
          "3": 95.23809523809523,
          "4": 0.0,
          "5": 0.0
        }
      },
      "4": {
        "total": 22,
        "distribution": {
          "1": 0.0,
          "2": 0.0,
          "3": 9.090909090909092,
          "4": 90.9090909090909,
          "5": 0.0
        }
      },
      "5": {
        "total": 16,
        "distribution": {
          "1": 0.0,
          "2": 0.0,
          "3": 0.0,
          "4": 100.0,
          "5": 0.0
        }
      }
    }
  },
  "gpt-4o": {
    "accuracy": 75.0,
    "correct": 75,
    "total": 100,
    "rating_distributions": {
      "1": {
        "total": 18,
        "distribution": {
          "1": 50.0,
          "2": 50.0,
          "3": 0.0,
          "4": 0.0,
          "5": 0.0
        }
      },
      "2": {
        "total": 23,
        "distribution": {
          "1": 0.0,
          "2": 100.0,