{
  "llama-3.3-70B": {
    "accuracy": 51.0,
    "correct": 51,
    "total": 100,
    "rating_distributions": {
      "3": {
        "total": 11,
        "distribution": {
          "1": 18.181818181818183,
          "2": 18.181818181818183,
          "3": 36.36363636363637,
          "4": 27.27272727272727,
          "5": 0.0
        }
      },
      "4": {
        "total": 76,
        "distribution": {
          "1": 0.0,
          "2": 6.578947368421052,
          "3": 15.789473684210526,
          "4": 51.31578947368421,
          "5": 26.31578947368421
        }
      },
      "5": {
        "total": 13,
        "distribution": {
          "1": 0.0,
          "2": 0.0,
          "3": 7.6923076923076925,
          "4": 30.76923076923077,
          "5": 61.53846153846154
        }
      }
    }
  },
  "gemma-3-27B": {
    "accuracy": 15.0,
    "correct": 15,
    "total": 100,
    "rating_distributions": {
      "3": {
        "total": 10,
        "distribution": {
          "1": 60.0,
          "2": 30.0,
          "3": 10.0,
          "4": 0.0,
          "5": 0.0
        }
      },
      "4": {
        "total": 73,
        "distribution": {
          "1": 34.24657534246575,
          "2": 20.54794520547945,
          "3": 17.80821917808219,
          "4": 16.43835616438356,
          "5": 10.95890410958904
        }
      },
      "5": {
        "total": 12,
        "distribution": {
          "1": 33.33333333333333,
          "2": 16.666666666666664,
          "3": 8.333333333333332,
          "4": 25.0,
          "5": 16.666666666666664
        }
      }
    }
  },
  "qwen-2.5-72B": {
    "accuracy": 61.0,
    "correct": 61,
    "total": 100,
    "rating_distributions": {
      "3": {
        "total": 11,
        "distribution": {
          "1": 27.27272727272727,
          "2": 9.090909090909092,
          "3": 45.45454545454545,
          "4": 18.181818181818183,
          "5": 0.0
        }
      },
      "4": {
        "total": 76,
        "distribution": {
          "1": 0.0,
          "2": 5.263157894736842,
          "3": 17.105263157894736,
          "4": 69.73684210526315,
          "5": 7.894736842105263
        }
      },
      "5": {
        "total": 13,
        "distribution": {
          "1": 0.0,
          "2": 0.0,
          "3": 15.384615384615385,
          "4": 61.53846153846154,
          "5": 23.076923076923077
        }
      }
    }
  },
  "qwq": {
    "accuracy": 51.0,
    "correct": 51,
    "total": 100,
    "rating_distributions": {
      "3": {
        "total": 11,
        "distribution": {
          "1": 9.090909090909092,
          "2": 18.181818181818183,
          "3": 45.45454545454545,
          "4": 27.27272727272727,
          "5": 0.0
        }
      },
      "4": {
        "total": 76,
        "distribution": {
          "1": 0.0,
          "2": 2.631578947368421,
          "3": 17.105263157894736,
          "4": 50.0,
          "5": 30.263157894736842
        }
      },
      "5": {
        "total": 13,
        "distribution": {
          "1": 0.0,
          "2": 0.0,
          "3": 7.6923076923076925,
          "4": 30.76923076923077,
          "5": 61.53846153846154
        }
      }
    }
  }
}