{
  "llama-3.1-8B": {
    "accuracy": 47.0,
    "correct": 47,
    "total": 100,
    "rating_distributions": {
      "3": {
        "total": 10,
        "distribution": {
          "1": 10.0,
          "2": 20.0,
          "3": 50.0,
          "4": 20.0,
          "5": 0.0
        }
      },
      "4": {
        "total": 75,
        "distribution": {
          "1": 0.0,
          "2": 5.333333333333334,
          "3": 28.000000000000004,
          "4": 54.666666666666664,
          "5": 12.0
        }
      },
      "5": {
        "total": 13,
        "distribution": {
          "1": 0.0,
          "2": 0.0,
          "3": 15.384615384615385,
          "4": 76.92307692307693,
          "5": 7.6923076923076925
        }
      }
    }
  },
  "gemma-2-27B": {
    "accuracy": 45.0,
    "correct": 45,
    "total": 100,
    "rating_distributions": {
      "3": {
        "total": 11,
        "distribution": {
          "1": 18.181818181818183,
          "2": 36.36363636363637,
          "3": 27.27272727272727,
          "4": 18.181818181818183,
          "5": 0.0
        }
      },
      "4": {
        "total": 76,
        "distribution": {
          "1": 0.0,
          "2": 5.263157894736842,
          "3": 30.263157894736842,
          "4": 44.73684210526316,
          "5": 19.736842105263158
        }
      },
      "5": {
        "total": 13,
        "distribution": {
          "1": 0.0,
          "2": 0.0,
          "3": 7.6923076923076925,
          "4": 30.76923076923077,
          "5": 61.53846153846154
        }
      }
    }
  },
  "llama-3.3-70B": {
    "accuracy": 51.0,
    "correct": 51,
    "total": 100,
    "rating_distributions": {
      "3": {
        "total": 11,
        "distribution": {
          "1": 9.090909090909092,
          "2": 27.27272727272727,
          "3": 45.45454545454545,
          "4": 18.181818181818183,
          "5": 0.0
        }
      },
      "4": {
        "total": 76,
        "distribution": {
          "1": 0.0,
          "2": 5.263157894736842,
          "3": 18.421052631578945,
          "4": 50.0,
          "5": 26.31578947368421
        }
      },
      "5": {
        "total": 13,
        "distribution": {
          "1": 0.0,
          "2": 0.0,
          "3": 7.6923076923076925,
          "4": 30.76923076923077,
          "5": 61.53846153846154
        }
      }
    }
  },
  "qwen-2.5-72B": {
    "accuracy": 59.0,
    "correct": 59,
    "total": 100,
    "rating_distributions": {
      "3": {
        "total": 11,
        "distribution": {
          "1": 18.181818181818183,
          "2": 18.181818181818183,
          "3": 27.27272727272727,
          "4": 36.36363636363637,
          "5": 0.0
        }
      },
      "4": {
        "total": 76,
        "distribution": {
          "1": 0.0,
          "2": 5.263157894736842,
          "3": 14.473684210526317,
          "4": 67.10526315789474,
          "5": 13.157894736842104
        }
      },
      "5": {
        "total": 13,
        "distribution": {
          "1": 0.0,
          "2": 0.0,
          "3": 7.6923076923076925,
          "4": 53.84615384615385,
          "5": 38.46153846153847
        }
      }
    }
  },
  "qwq": {
    "accuracy": 50.0,
    "correct": 50,
    "total": 100,
    "rating_distributions": {
      "3": {
        "total": 11,
        "distribution": {
          "1": 9.090909090909092,
          "2": 27.27272727272727,
          "3": 45.45454545454545,
          "4": 18.181818181818183,
          "5": 0.0
        }
      },
      "4": {
        "total": 76,
        "distribution": {
          "1": 0.0,
          "2": 0.0,
          "3": 19.736842105263158,
          "4": 50.0,
          "5": 30.263157894736842
        }
      },
      "5": {
        "total": 13,
        "distribution": {
          "1": 0.0,
          "2": 0.0,
          "3": 7.6923076923076925,
          "4": 38.46153846153847,
          "5": 53.84615384615385
        }
      }
    }
  },
  "deepseek-r1": {
    "accuracy": 52.0,
    "correct": 52,
    "total": 100,
    "rating_distributions": {
      "3": {
        "total": 11,
        "distribution": {
          "1": 9.090909090909092,
          "2": 27.27272727272727,
          "3": 27.27272727272727,
          "4": 36.36363636363637,
          "5": 0.0
        }
      },
      "4": {
        "total": 76,
        "distribution": {
          "1": 0.0,
          "2": 5.263157894736842,
          "3": 13.157894736842104,
          "4": 52.63157894736842,
          "5": 28.947368421052634
        }
      },
      "5": {
        "total": 13,
        "distribution": {
          "1": 0.0,
          "2": 0.0,
          "3": 7.6923076923076925,
          "4": 23.076923076923077,
          "5": 69.23076923076923
        }
      }
    }
  },
  "gpt-4o-mini": {
    "accuracy": 48.0,
    "correct": 48,
    "total": 100,
    "rating_distributions": {
      "3": {
        "total": 11,
        "distribution": {
          "1": 9.090909090909092,
          "2": 36.36363636363637,
          "3": 36.36363636363637,
          "4": 18.181818181818183,
          "5": 0.0
        }
      },
      "4": {
        "total": 76,
        "distribution": {
          "1": 0.0,
          "2": 3.9473684210526314,
          "3": 25.0,
          "4": 51.31578947368421,
          "5": 19.736842105263158
        }
      },
      "5": {
        "total": 13,
        "distribution": {
          "1": 0.0,
          "2": 0.0,
          "3": 7.6923076923076925,
          "4": 53.84615384615385,
          "5": 38.46153846153847
        }
      }
    }
  },
  "gpt-4o": {
    "accuracy": 45.0,
    "correct": 45,
    "total": 100,
    "rating_distributions": {
      "3": {
        "total": 11,
        "distribution": {
          "1": 18.181818181818183,
          "2": 18.181818181818183,
          "3": 36.36363636363637,
          "4": 27.27272727272727,
          "5": 0.0
        }
      },
      "4": {
        "total": 76,
        "distribution": {
          "1": 0.0,
          "2": 3.9473684210526314,
          "3": 18.421052631578945,
          "4": 42.10526315789473,
          "5": 35.526315789473685
        }
      },
      "5": {
        "total": 13,
        "distribution": {
          "1": 0.0,
          "2": 0.0,
          "3": 7.6923076923076925,
          "4": 23.076923076923077,
          "5": 69.23076923076923
        }
      }
    }
  },
  "o3-mini": {
    "accuracy": 51.0,
    "correct": 51,
    "total": 100,
    "rating_distributions": {
      "3": {
        "total": 11,
        "distribution": {
          "1": 18.181818181818183,
          "2": 18.181818181818183,
          "3": 27.27272727272727,
          "4": 18.181818181818183,
          "5": 18.181818181818183
        }
      },
      "4": {
        "total": 76,
        "distribution": {
          "1": 0.0,
          "2": 5.263157894736842,
          "3": 10.526315789473683,
          "4": 51.31578947368421,
          "5": 32.89473684210527
        }
      },
      "5": {
        "total": 13,
        "distribution": {
          "1": 0.0,
          "2": 0.0,
          "3": 7.6923076923076925,
          "4": 23.076923076923077,
          "5": 69.23076923076923
        }
      }
    }
  }
}