model,avg_response_length,avg_accuracy
deepseek-r1,4859.225,66.5
gemma-2-27B,813.3050000000001,52.0
gpt-4o-mini,1926.0900000000001,62.0
gpt-4o,1806.31,60.0
llama-3.1-8B,1931.46,52.0
llama-3.3-70B,2130.76,64.5
o3-mini,757.695,61.0
qwen-2.5-72B,2520.38,65.5
qwq,6264.25,62.0
