model,avg_response_length,avg_accuracy
qwen-2.5-72B,3473.49,56.333333333333336
gpt-4o,3042.4600000000005,77.0
qwq,7628.343333333333,71.0
llama-3.1-8B,2641.28,59.666666666666664
llama-3.3-70B,2740.6966666666667,61.666666666666664
gpt-4o-mini,3285.3199999999997,69.66666666666667
o3-mini,2500.25,68.33333333333333
deepseek-r1,5553.323333333334,73.33333333333333
