model,avg_response_length,avg_accuracy
gpt-4o,1754.465,73.75
deepseek-r1,4708.195,72.75
qwen-2.5-72B,1657.7849999999999,66.0
gemma-3-27B,1671.5900000000001,64.5
gpt-4o-mini,1563.5749999999998,67.25
qwq,5960.51,70.25
o3-mini,820.99,70.75
llama-3.3-70B,2003.0900000000001,76.0
